category_id,category_name,parent_category_id
1,Electronics,
2,Fashion,
3,Home & Kitchen,
4,Books,
5,Beauty & Personal Care,
6,Sports & Fitness,
7,Mobiles,1
8,Laptops,1
9,Headphones,1
10,Cameras,1
11,Smart Watches,1
12,Men's Clothing,2
13,Women's Clothing,2
14,Footwear,2
15,Watches & Accessories,2
16,Furniture,3
17,Kitchen Appliances,3
18,Home Decor,3
19,Fiction,4
20,Non-Fiction,4
21,Academic,4
22,Skincare,5
23,Haircare,5
24,Makeup,5
25,Gym Equipment,6
26,Sportswear,6
27,Outdoor Gear,6
