employee_id,first_name,last_name,manager_id,department,hire_date,salary
1,Ayaan,Sharma,,Logistics,9/30/2020,60669.23
2,Reyansh,Roy,,Sales,9/25/2022,38655.01
3,Sai,Singh,,Support,9/1/2023,104232.15
4,Pooja,Singh,,Marketing,6/21/2020,86659.04
5,Ira,Sharma,,Support,9/28/2022,74128.81
6,Ishaan,Singh,1,Logistics,2/23/2019,45665.77
7,John,Johnson,5,Logistics,6/27/2018,118919.16
8,Ayaan,Brown,5,Sales,4/15/2021,130381.54
9,Michael,Chatterjee,4,Support,10/12/2018,40269.8
10,Kiara,Gupta,8,Support,2/18/2019,78714.52
11,Michael,Reddy,5,Logistics,12/26/2021,59093.31
12,Arjun,Malhotra,3,Support,12/28/2023,118849.58
13,Isabella,Brown,1,Logistics,6/18/2020,113730.64
14,Myra,Verma,4,Logistics,7/2/2022,65790.2
15,Rohan,Smith,11,Support,8/7/2023,80497.67
16,Isabella,Nair,9,Logistics,7/26/2019,63362.16
17,Vikram,Mehta,5,Marketing,6/24/2022,76629.59
18,Amit,Kumar,5,Sales,7/12/2018,134026.83
19,Ananya,Taylor,15,Sales,4/26/2022,78886.22
20,Neha,Mehta,18,Sales,4/15/2019,113396.69
21,Ira,Smith,15,Sales,4/17/2021,84998
22,Aarav,Mehta,21,Support,9/11/2023,139952.2
23,Pari,Das,6,Support,9/19/2019,78000.09
24,Vikram,Das,4,Sales,8/20/2021,91189.66
25,Michael,Kapoor,19,Support,8/26/2018,62700.23
26,Sai,Gupta,18,Marketing,10/11/2018,147468.22
27,Krishna,Nair,20,Marketing,11/8/2019,65481.51
28,Olivia,Singh,22,Support,6/30/2021,80884.11
29,Michael,Anderson,3,Marketing,5/11/2019,63509.15
30,Robert,Sharma,23,Support,6/21/2020,35826.95
31,Vihaan,Patel,3,Sales,5/9/2018,133858.07
32,Amit,Patel,5,Logistics,6/12/2023,59637.23
33,Rohan,Chatterjee,27,Marketing,9/22/2020,125231.23
34,Saanvi,Iyer,27,Sales,11/1/2022,75744.22
35,Isabella,Verma,22,Sales,9/6/2018,81301.45
36,Reyansh,Patel,9,Support,2/19/2020,96672.86
37,Olivia,Reddy,5,Logistics,3/10/2023,63727.74
38,Sophia,Roy,35,Sales,7/27/2018,109996.66
39,Aarav,Gupta,31,Support,11/13/2019,81737.62
40,Aadhya,Brown,25,Sales,11/6/2019,78581.91
41,Riya,Anderson,36,Logistics,9/29/2022,115108.02
42,Priya,Nair,4,Support,4/30/2021,60035.6
43,Sneha,Roy,38,Sales,7/8/2021,41574.01
44,Rahul,Das,6,Support,8/21/2018,145489.57
45,Diya,Gupta,37,Sales,8/21/2020,81434.19
46,Anika,Chatterjee,38,Sales,12/2/2018,83210.87
47,Rohan,Das,46,Logistics,12/4/2020,58489.81
48,James,Patel,42,Logistics,6/10/2022,50051
49,Pari,Anderson,40,Logistics,10/25/2018,36071.28
50,Rohan,Iyer,9,Sales,5/23/2020,93176.74
51,John,Gupta,29,Support,2/22/2022,67773.55
52,Vikram,Kapoor,7,Sales,5/11/2021,142151.94
53,Krishna,Mehta,10,Sales,3/15/2019,120377.92
54,Ira,Kapoor,41,Support,11/5/2021,58413.69
55,Riya,Das,4,Marketing,10/25/2020,139113.7
56,Sai,Taylor,50,Logistics,6/30/2018,35407.75
57,Krishna,Mehta,28,Support,12/15/2022,98443.25
58,Pooja,Sharma,45,Sales,11/5/2018,143680.86
59,Ishaan,Roy,10,Sales,2/21/2022,101988.6
60,Olivia,Nair,51,Sales,6/16/2021,76934.92
