product_id,product_name,category_id,supplier_id,price,cost,stock_quantity,launch_date
1,Men's Prime 721,12,40,23380.27,14459.65,398,2021-12-02
2,Cameras Prime 126,10,51,21248.93,13940.42,464,2023-02-08
3,Women's Max 706,13,99,16184.82,10390.15,52,2024-11-28
4,Furniture Prime 924,16,45,3406.7,1903.72,400,2021-03-26
5,Makeup Air 777,24,54,8313.51,5621.51,174,2021-01-26
6,Skincare Max 543,22,91,22533.66,14415.73,424,2023-07-31
7,Smart Air 280,11,69,19612.77,11033.55,138,2024-06-15
8,Skincare Neo 546,22,12,19040.64,12403.45,165,2022-05-18
9,Watches Neo 349,15,44,17153.33,11282.1,342,2023-02-16
10,Mobiles Neo 971,7,44,7250.5,4942.71,181,2022-06-14
11,Watches Prime 818,15,11,19969.24,13213.6,264,2022-01-27
12,Footwear Air 600,14,92,10935.76,8372.13,243,2024-08-15
13,Skincare Neo 911,22,32,478.72,356.92,207,2024-11-17
14,Furniture Prime 477,16,71,10692.32,7151.58,217,2025-03-08
15,Kitchen Classic 819,17,93,9257.31,6860.8,118,2021-09-05
16,Women's Classic 222,13,25,19747.45,11168.93,353,2022-01-15
17,Women's Neo 383,13,37,19447.69,10896.32,268,2024-05-07
18,Cameras Plus 403,10,69,4419.93,3489.5,7,2024-12-21
19,Smart Ultra 146,11,82,22067.03,14616.99,357,2021-09-16
20,Skincare Max 993,22,44,377.42,282.75,245,2023-06-22
21,Men's Pro 358,12,52,20625.3,14121.85,420,2021-05-14
22,Skincare Max 690,22,39,11230.85,9478.74,76,2024-02-27
23,Headphones Plus 221,9,29,11954.03,8415.29,305,2024-06-20
24,Haircare Air 561,23,40,18317.93,13636.72,301,2023-05-29
25,Gym Prime 161,25,27,14978.82,9183.5,485,2025-04-12
26,Outdoor Plus 370,27,10,12446.22,9940.38,88,2024-02-05
27,Men's Pro 518,12,30,10463.86,6812.51,149,2021-03-08
28,Furniture Ultra 819,16,81,15441.58,12908.14,119,2022-06-26
29,Gym Plus 535,25,19,2346.21,1810.17,76,2022-06-29
30,Headphones Pro 269,9,37,18303.29,11910.17,422,2024-03-11
31,Academic Max 579,21,65,16628.09,10361.3,482,2022-07-12
32,Makeup Neo 548,24,42,1527.01,1298.58,221,2025-02-13
33,Sportswear Ultra 126,26,76,2593.22,1460.77,428,2024-03-24
34,Mobiles Ultra 690,7,84,1148.2,699.45,240,2023-11-29
35,Academic Ultra 285,21,12,21434.65,14954.49,416,2023-10-05
36,Skincare Classic 518,22,43,8033.06,5066.3,439,2021-11-26
37,Non-Fiction Neo 395,20,5,14064.14,9972.49,389,2024-02-01
38,Academic Max 422,21,66,4730.75,3860.74,395,2023-04-08
39,Mobiles X 573,7,97,7958.95,6257.39,185,2024-06-29
40,Skincare Neo 878,22,57,1150.22,869.02,67,2022-08-13
41,Skincare Max 129,22,21,22568.02,14599.89,122,2024-12-24
42,Furniture X 114,16,60,10082.43,8328.55,430,2021-08-21
43,Cameras Lite 610,10,54,18751.29,13996.53,361,2022-07-14
44,Skincare Neo 349,22,66,8591.33,6906.12,97,2024-05-12
45,Smart Max 382,11,35,19804.2,11612.86,174,2023-11-06
46,Mobiles Ultra 843,7,20,6966.04,4548.48,337,2023-09-30
47,Academic X 595,21,59,7909.38,5242.35,278,2023-02-12
48,Kitchen Plus 814,17,53,5117.57,3658.2,438,2025-05-08
49,Laptops Classic 862,8,85,12463.05,7147.35,195,2023-03-02
50,Outdoor Lite 607,27,43,17835.15,14475.88,494,2024-04-23
51,Cameras Neo 202,10,53,11484.39,7936.67,369,2021-10-23
52,Outdoor Lite 176,27,89,12629.7,7095.41,173,2024-06-30
53,Fiction Max 972,19,41,7934.72,4995.63,273,2023-02-18
54,Outdoor Neo 993,27,88,12660.77,8161.14,120,2024-07-16
55,Furniture Plus 864,16,91,2583.6,1446.65,389,2024-07-21
56,Cameras Neo 270,10,8,18137.71,10440.62,23,2022-10-27
57,Furniture Classic 483,16,88,8529.28,6517.23,210,2024-03-05
58,Men's Lite 279,12,31,2190.76,1276.63,317,2024-10-31
59,Skincare Prime 246,22,86,5569.5,3559.61,235,2022-06-07
60,Mobiles Neo 394,7,76,12772.87,10196.4,226,2022-12-09
61,Furniture Air 806,16,62,6502.87,3826.46,101,2023-02-27
62,Cameras Plus 490,10,3,13136.19,8621.65,358,2022-08-28
63,Fiction Ultra 108,19,78,13615.65,8532.34,381,2021-04-11
64,Skincare Ultra 894,22,82,18539.77,12003.02,180,2022-03-25
65,Women's Prime 356,13,18,16507.63,10198.69,337,2024-10-26
66,Outdoor Max 742,27,75,13143.99,9730.48,225,2021-03-10
67,Home Lite 192,18,26,18601.02,13653.45,212,2021-12-26
68,Smart X 997,11,22,21790.7,14575.19,467,2022-07-13
69,Watches Neo 925,15,60,7716.81,4497.61,411,2021-08-24
70,Headphones Lite 872,9,51,24783.28,14500.85,370,2024-10-13
71,Makeup Classic 192,24,59,13770.82,11881.16,274,2021-09-11
72,Home Ultra 698,18,87,9041.77,5777.28,190,2021-08-10
73,Footwear Neo 125,14,29,16451.55,9331.25,167,2024-06-03
74,Outdoor Max 750,27,53,21546.9,12375.44,154,2024-08-22
75,Cameras Lite 146,10,13,19138.34,14199.3,252,2021-08-26
76,Footwear X 238,14,90,8195.06,5890.82,486,2025-03-02
77,Makeup Air 701,24,13,13954.67,11159.81,212,2024-09-03
78,Skincare Prime 517,22,28,18768.02,14091.89,353,2023-01-29
79,Academic Neo 341,21,70,15602.76,12846.21,351,2023-01-23
80,Outdoor Classic 162,27,12,7681.36,6032.28,62,2023-07-21
81,Women's Prime 121,13,73,1166.71,853.62,64,2025-05-31
82,Women's Max 949,13,43,14774.58,11500.84,110,2022-04-23
83,Smart Prime 102,11,33,7572.59,4231.4,66,2024-01-12
84,Men's Max 776,12,76,16076.18,13010.07,183,2022-05-03
85,Kitchen Pro 278,17,15,4996.1,4053.98,215,2023-12-14
86,Headphones Neo 559,9,65,17346.97,11692.45,55,2023-07-15
87,Footwear Prime 144,14,39,19036.03,10935.92,337,2023-12-04
88,Academic Pro 162,21,14,25475.34,14978.94,218,2024-11-06
89,Skincare Neo 175,22,17,18350.27,13499.07,75,2021-05-15
90,Watches Prime 748,15,68,14228.88,8821.93,195,2024-05-08
91,Furniture Neo 617,16,84,11076.97,9120.86,359,2021-08-23
92,Outdoor X 838,27,53,18578.14,12995.84,454,2022-04-13
93,Kitchen Neo 508,17,86,7632.26,6298.25,218,2022-10-03
94,Watches Classic 256,15,12,15069.27,10333.63,46,2021-06-24
95,Non-Fiction Max 862,20,76,18635.44,11108.06,284,2021-05-03
96,Makeup X 437,24,97,14288.15,10083.2,447,2024-09-24
97,Non-Fiction Pro 394,20,28,12470.7,9046.11,295,2023-11-06
98,Smart Neo 329,11,15,17528.8,12724.4,284,2023-01-23
99,Watches Prime 331,15,80,20609.05,12127.6,498,2025-04-21
100,Sportswear X 126,26,4,14472.84,9174.02,355,2022-07-02
101,Men's Ultra 819,12,24,20043.36,11459.9,179,2021-01-13
102,Smart Prime 773,11,12,7542.37,6071.69,324,2021-03-04
103,Haircare Plus 485,23,93,8717.09,6355.5,189,2022-10-01
104,Kitchen Prime 710,17,80,1617.45,1365.86,80,2025-03-26
105,Laptops Max 378,8,54,9554.98,6702.38,310,2023-06-25
106,Watches Plus 873,15,87,10629.26,7733.96,56,2022-08-04
107,Gym Neo 639,25,8,11842.72,10040.28,202,2024-05-12
108,Mobiles Plus 408,7,38,23388.45,14185.33,391,2022-06-08
109,Kitchen Max 107,17,69,10740.23,7511.04,66,2023-02-18
110,Footwear X 672,14,95,20953.8,12516.98,36,2023-03-25
111,Laptops Air 119,8,55,8344.65,6950.34,160,2024-03-25
112,Gym Air 826,25,42,12897.57,9638.11,207,2021-02-12
113,Men's Prime 571,12,14,21843.22,12497.19,45,2023-06-14
114,Footwear Air 703,14,96,7286.84,6066.7,445,2022-09-28
115,Kitchen Plus 441,17,68,14046.49,11708.86,324,2021-08-22
116,Haircare Plus 894,23,19,8610.05,5305.69,419,2024-08-14
117,Footwear Max 249,14,98,4942.41,3913.93,78,2025-04-06
118,Outdoor Max 281,27,73,22241.66,14274.25,237,2025-03-26
119,Gym Neo 797,25,42,21039.52,13869.9,325,2024-07-03
120,Outdoor Classic 254,27,36,9678.0,6652.47,323,2022-09-13
121,Gym Pro 460,25,8,10353.6,7659.32,231,2021-03-19
122,Home Ultra 178,18,77,17327.18,9705.53,46,2024-06-13
123,Haircare Air 573,23,58,15484.22,8746.91,378,2021-03-26
124,Gym Plus 429,25,58,13452.12,9114.59,490,2021-05-07
125,Cameras Classic 831,10,91,2129.68,1356.5,20,2022-05-23
126,Academic Neo 636,21,50,9886.31,7888.95,190,2022-08-03
127,Non-Fiction Classic 795,20,9,14981.11,9008.5,331,2022-11-17
128,Kitchen Max 671,17,78,13624.37,10207.85,370,2024-09-06
129,Smart Classic 183,11,84,10907.63,8782.82,179,2022-09-28
130,Fiction Lite 709,19,83,12847.98,10661.63,286,2023-02-11
131,Kitchen Lite 786,17,12,18666.46,10572.18,350,2023-12-15
132,Outdoor Air 620,27,44,7609.15,5491.24,92,2022-03-15
133,Skincare Plus 331,22,65,18760.28,14999.65,151,2021-07-27
134,Makeup X 138,24,77,17132.5,9962.75,316,2021-09-26
135,Fiction Lite 266,19,93,4472.34,2794.6,319,2021-12-06
136,Academic Pro 520,21,79,8942.91,5528.06,496,2023-06-29
137,Furniture Neo 339,16,61,10885.94,8056.77,414,2025-05-26
138,Women's Classic 794,13,37,25438.29,14212.24,236,2025-04-25
139,Fiction X 640,19,18,7956.39,6338.05,102,2024-05-23
140,Watches Pro 756,15,92,10101.86,7260.8,478,2021-07-30
141,Haircare Max 391,23,19,1692.85,1349.74,230,2023-11-18
142,Non-Fiction Max 327,20,54,21163.93,12268.88,476,2021-02-24
143,Laptops Air 614,8,29,7946.56,5672.03,41,2023-02-07
144,Mobiles Classic 201,7,18,19819.04,12603.73,405,2021-10-27
145,Laptops Ultra 949,8,61,12067.47,7139.58,388,2024-12-15
146,Academic Prime 105,21,71,15804.83,13597.28,110,2021-11-03
147,Sportswear X 533,26,7,2349.15,1756.68,154,2021-09-07
148,Footwear Air 754,14,77,17262.89,11929.1,56,2023-10-21
149,Makeup Pro 747,24,55,10169.3,7779.1,73,2022-08-20
150,Mobiles Prime 461,7,11,5234.7,3684.41,340,2024-09-30
151,Haircare Classic 169,23,71,21510.83,14305.71,402,2023-11-06
152,Mobiles Air 994,7,96,11106.45,7105.01,191,2022-06-04
153,Mobiles Classic 907,7,14,1446.08,1106.64,336,2024-07-10
154,Gym Classic 236,25,23,1144.63,760.6,416,2024-08-09
155,Academic Neo 746,21,59,3485.16,2815.94,366,2025-05-09
156,Laptops Ultra 306,8,40,963.21,752.71,21,2022-10-09
157,Haircare Air 934,23,25,10768.54,8191.16,385,2024-08-17
158,Furniture Classic 982,16,16,20098.55,11734.54,169,2022-07-14
159,Home Air 509,18,24,19350.16,11175.28,197,2022-11-26
160,Skincare Neo 476,22,94,20635.35,13872.23,410,2021-06-19
161,Non-Fiction Max 540,20,42,15289.65,9076.55,279,2022-08-25
162,Cameras Max 435,10,55,13421.66,9947.7,308,2025-01-09
163,Men's Neo 459,12,79,10971.24,6762.23,466,2022-12-24
164,Non-Fiction Ultra 754,20,82,25966.48,14702.41,38,2024-10-06
165,Fiction Classic 625,19,19,19157.23,12036.33,487,2021-03-05
166,Sportswear Neo 135,26,47,2581.81,1980.83,330,2023-01-21
167,Fiction Prime 133,19,48,14506.97,9115.91,485,2023-01-30
168,Academic Max 687,21,36,2987.62,2151.66,160,2024-08-23
169,Footwear Max 126,14,16,16308.93,11061.56,198,2024-02-25
170,Watches Ultra 820,15,63,12133.1,6749.47,146,2024-11-22
171,Women's Max 238,13,57,18491.26,12807.11,460,2024-12-31
172,Headphones Classic 783,9,39,6290.87,5276.64,277,2022-08-18
173,Men's Lite 912,12,31,7108.82,5486.23,102,2021-10-12
174,Skincare Pro 469,22,17,11611.6,8354.92,411,2024-02-04
175,Sportswear Max 167,26,68,8473.93,4708.43,368,2023-09-08
176,Non-Fiction Air 943,20,10,10671.88,8666.02,162,2024-08-08
177,Academic Neo 796,21,71,9631.34,7808.66,424,2025-05-17
178,Outdoor Prime 286,27,16,14238.81,11539.95,257,2021-04-24
179,Haircare Lite 411,23,45,3471.92,2553.39,363,2022-04-07
180,Haircare Ultra 966,23,36,1628.95,1275.01,489,2024-02-03
181,Smart Ultra 729,11,75,11885.47,8048.82,86,2024-04-27
182,Smart Lite 774,11,6,16329.46,9404.74,172,2024-02-29
183,Mobiles Max 146,7,27,23501.6,14233.35,135,2024-08-26
184,Gym Air 732,25,38,14178.66,9620.97,321,2024-01-23
185,Outdoor Ultra 594,27,59,6278.2,3748.68,207,2022-09-02
186,Headphones Pro 261,9,78,9740.85,6650.12,104,2022-11-28
187,Smart Classic 982,11,52,17579.96,10803.61,440,2022-12-09
188,Smart Classic 627,11,35,11495.49,8468.6,238,2021-09-08
189,Academic Plus 244,21,54,2064.84,1542.49,196,2024-06-14
190,Footwear Lite 933,14,98,7595.13,4978.79,160,2022-01-24
191,Men's Neo 627,12,12,12145.42,7055.55,254,2021-02-17
192,Fiction X 568,19,7,18707.42,14503.63,180,2021-04-10
193,Furniture Neo 711,16,69,20867.37,13246.86,240,2022-08-09
194,Mobiles Max 541,7,52,2770.23,2095.63,187,2025-04-14
195,Home Pro 510,18,37,1306.46,862.25,185,2024-02-08
196,Headphones Air 616,9,88,10265.86,6810.28,422,2024-06-30
197,Sportswear Max 231,26,72,20568.54,14628.73,406,2022-11-26
198,Home Lite 303,18,5,12806.33,9076.7,20,2021-04-03
199,Smart Classic 923,11,18,10359.07,7158.79,310,2023-11-22
200,Kitchen Prime 426,17,76,4522.92,2521.28,378,2022-09-05
201,Kitchen X 948,17,61,11298.96,7694.74,288,2022-09-06
202,Mobiles Classic 439,7,93,18119.01,10139.72,298,2022-09-23
203,Outdoor Pro 711,27,75,12755.01,7171.39,400,2025-05-09
204,Gym Plus 838,25,93,1265.16,865.19,268,2024-07-12
205,Sportswear Air 251,26,15,16137.25,12342.75,293,2024-12-05
206,Women's Pro 551,13,53,5960.03,4774.02,353,2022-02-22
207,Haircare Prime 582,23,18,21338.76,13104.98,31,2024-12-16
208,Haircare Plus 674,23,41,7812.53,4943.24,269,2023-02-11
209,Men's Neo 645,12,88,7178.41,5200.67,395,2025-01-16
210,Outdoor Ultra 724,27,39,12962.87,7314.28,142,2024-02-17
211,Footwear Ultra 889,14,41,5660.73,4406.16,360,2023-09-29
212,Skincare Classic 673,22,16,23358.43,14012.14,140,2022-08-13
213,Gym X 488,25,19,18912.24,13446.83,176,2025-05-03
214,Furniture Pro 394,16,84,17220.63,14334.17,473,2023-06-25
215,Watches Neo 319,15,90,4666.45,3110.81,477,2024-02-26
216,Watches Lite 211,15,86,14201.95,9273.59,124,2021-04-14
217,Haircare Plus 753,23,61,4337.11,3569.26,169,2025-01-09
218,Cameras Lite 105,10,84,25840.61,14471.33,80,2023-04-14
219,Skincare Neo 766,22,83,5457.35,3071.89,164,2022-08-08
220,Laptops Max 767,8,23,12963.27,8654.59,370,2021-03-18
221,Non-Fiction Lite 137,20,96,21061.36,14957.86,253,2022-01-17
222,Furniture Pro 109,16,37,7009.13,4546.04,475,2022-11-18
223,Academic X 636,21,60,13128.85,7459.3,435,2023-10-30
224,Watches Plus 928,15,33,2233.05,1778.44,234,2024-08-20
225,Men's Pro 854,12,25,6873.83,5122.97,345,2025-03-31
226,Men's Prime 976,12,42,13594.3,9617.01,218,2023-11-22
227,Headphones Air 785,9,32,2720.12,1521.24,244,2022-10-25
228,Mobiles Ultra 492,7,39,5918.99,3609.27,488,2022-11-07
229,Gym Prime 111,25,86,5530.88,3997.14,120,2021-05-08
230,Cameras Neo 414,10,99,3957.6,2479.78,472,2024-12-11
231,Furniture Max 754,16,29,18449.85,13750.34,314,2022-03-29
232,Smart Neo 256,11,90,12332.61,6879.18,191,2023-05-02
233,Makeup Neo 875,24,32,12825.71,8109.01,111,2025-04-10
234,Sportswear Max 638,26,15,10860.79,6756.54,39,2024-03-01
235,Laptops X 617,8,67,4664.57,3112.14,84,2022-11-03
236,Academic Max 796,21,58,4832.52,3160.48,46,2023-11-12
237,Laptops Neo 235,8,60,11209.85,7747.39,29,2024-02-19
238,Furniture Pro 505,16,10,4482.75,3891.41,111,2024-03-30
239,Laptops Air 452,8,61,15822.1,10535.73,30,2021-05-22
240,Laptops Ultra 518,8,83,3443.85,2781.72,328,2025-02-02
241,Non-Fiction Classic 491,20,11,11844.31,6783.2,193,2023-02-09
242,Makeup Lite 769,24,68,15852.16,12918.27,275,2023-03-16
243,Smart Plus 954,11,87,176.76,151.75,152,2023-08-07
244,Makeup Air 644,24,20,7472.45,5751.22,235,2022-12-10
245,Watches Plus 996,15,54,13338.0,10902.86,414,2024-09-14
246,Sportswear Pro 346,26,77,3854.15,3170.62,17,2023-07-04
247,Laptops Plus 858,8,97,1089.6,759.13,276,2022-03-21
248,Laptops Lite 615,8,74,19406.63,14902.9,469,2025-02-07
249,Kitchen Prime 712,17,19,19528.8,11610.82,121,2022-09-11
250,Haircare Plus 523,23,95,5445.45,4577.46,485,2024-04-26
251,Men's Air 669,12,86,13337.74,7484.75,482,2024-08-10
252,Fiction X 426,19,24,14825.98,10475.0,153,2023-02-10
253,Makeup Neo 346,24,60,17161.82,12755.18,362,2021-10-23
254,Laptops X 522,8,32,21957.69,14520.01,68,2023-03-07
255,Watches Plus 438,15,12,17032.48,9735.92,433,2023-01-30
256,Makeup Plus 152,24,10,6510.46,4100.08,308,2021-03-22
257,Women's Prime 841,13,39,13045.67,10104.61,106,2022-11-13
258,Mobiles Plus 294,7,32,17700.95,14434.96,386,2023-09-08
259,Sportswear Plus 506,26,49,20724.65,13735.38,397,2022-08-03
260,Academic X 764,21,60,7198.0,5452.97,262,2023-10-16
261,Cameras Neo 879,10,53,21999.28,12611.99,189,2022-10-03
262,Laptops Prime 984,8,75,4228.73,3396.98,133,2024-02-08
263,Gym Air 402,25,32,3234.93,2370.93,194,2024-03-12
264,Skincare X 770,22,93,19387.68,14157.62,390,2023-09-28
265,Outdoor Neo 571,27,93,4344.64,2606.68,86,2021-10-14
266,Makeup Neo 288,24,68,20675.58,13761.8,328,2021-05-01
267,Laptops Max 937,8,81,16561.1,10056.41,211,2021-10-09
268,Footwear Max 824,14,8,3037.03,2350.34,233,2023-02-04
269,Sportswear Prime 594,26,53,11513.31,9923.34,272,2024-02-04
270,Mobiles Pro 642,7,65,16271.78,10860.67,146,2021-02-05
271,Non-Fiction Lite 209,20,80,20542.32,13778.93,123,2022-01-29
272,Haircare Ultra 934,23,52,8968.84,5381.17,40,2023-02-04
273,Academic Prime 349,21,84,19263.38,14854.47,350,2021-06-15
274,Outdoor Pro 195,27,82,8564.4,6138.65,243,2021-04-25
275,Mobiles Lite 184,7,73,10808.89,7547.89,401,2022-11-10
276,Cameras X 143,10,61,6116.22,3523.52,354,2024-03-06
277,Watches Pro 176,15,85,13719.42,10297.99,278,2024-02-29
278,Laptops Lite 970,8,97,8494.62,4785.82,300,2021-10-23
279,Fiction Max 406,19,87,3292.56,2520.51,427,2023-03-08
280,Makeup Classic 493,24,11,14095.63,11358.58,352,2025-01-23
281,Haircare Classic 154,23,78,2023.57,1555.52,38,2022-11-29
282,Sportswear Prime 506,26,58,19801.39,14536.92,324,2022-07-14
283,Skincare Plus 464,22,75,11626.55,8340.26,95,2024-10-24
284,Fiction Max 890,19,11,15548.25,9317.38,365,2021-05-31
285,Watches Lite 489,15,41,16720.01,10703.99,378,2023-03-09
286,Home Max 193,18,35,239.57,177.41,184,2025-04-09
287,Cameras Lite 189,10,53,4169.74,2892.14,284,2023-11-16
288,Cameras Pro 191,10,42,6504.36,5373.32,306,2025-05-26
289,Fiction Pro 398,19,32,10379.0,6265.77,371,2024-02-20
290,Gym X 273,25,35,12993.94,10311.21,137,2022-09-09
291,Skincare Lite 164,22,10,3444.93,2591.39,153,2023-09-19
292,Home Ultra 352,18,59,15961.49,10841.4,315,2022-02-05
293,Cameras Lite 411,10,49,282.61,200.83,430,2024-06-24
294,Kitchen Neo 442,17,18,10981.7,6516.18,333,2024-05-02
295,Furniture Classic 717,16,51,18202.38,14214.46,160,2021-12-30
296,Kitchen Ultra 852,17,32,15359.82,10454.87,294,2025-05-21
297,Kitchen Air 387,17,26,17238.41,12265.77,58,2024-02-29
298,Gym X 284,25,60,15463.87,10257.52,487,2025-01-29
299,Women's Neo 916,13,87,7106.85,4440.83,419,2023-04-18
300,Skincare Lite 748,22,55,6061.57,4612.21,78,2025-01-04
301,Fiction Max 559,19,65,21720.03,14861.44,205,2023-12-31
302,Non-Fiction X 137,20,77,16440.69,11881.74,458,2024-01-05
303,Outdoor Max 211,27,83,18231.15,11557.42,181,2021-12-07
304,Sportswear Pro 676,26,43,23466.92,14755.76,204,2025-03-22
305,Non-Fiction Max 110,20,72,2031.07,1569.24,382,2023-11-29
306,Gym Prime 326,25,76,9467.51,6742.1,395,2024-10-23
307,Haircare Lite 453,23,11,21906.91,14965.77,151,2023-05-02
308,Cameras Lite 456,10,62,6864.25,4747.17,105,2023-12-04
309,Home Neo 199,18,39,10625.07,6628.67,163,2021-05-18
310,Laptops Max 123,8,95,20036.92,12752.78,346,2021-12-03
311,Footwear X 278,14,30,11362.72,8323.46,218,2023-08-05
312,Fiction Lite 290,19,79,13798.25,9643.14,14,2025-02-19
313,Women's Neo 706,13,36,7494.19,6500.34,109,2022-02-26
314,Headphones Prime 204,9,26,18006.61,12012.59,187,2022-10-30
315,Academic Max 368,21,41,14818.85,10093.45,494,2024-08-01
316,Sportswear Air 725,26,80,7282.96,5948.91,180,2023-07-27
317,Men's Ultra 729,12,31,14112.86,8893.51,160,2021-08-30
318,Furniture Max 287,16,77,7031.86,5662.26,198,2023-05-07
319,Smart Prime 492,11,83,9389.36,6403.28,275,2024-11-21
320,Men's X 270,12,80,9179.45,7395.67,161,2023-07-13
321,Laptops Classic 109,8,65,9347.28,7320.67,196,2024-02-25
322,Outdoor Neo 518,27,63,14630.46,10301.98,430,2023-06-29
323,Men's Max 678,12,36,920.73,559.82,149,2021-03-08
324,Footwear X 395,14,99,3772.01,2606.31,380,2025-05-02
325,Skincare X 623,22,47,2187.51,1786.84,396,2024-01-18
326,Makeup Pro 878,24,95,16274.68,10812.81,217,2021-07-29
327,Outdoor Plus 404,27,12,15380.04,13134.67,134,2022-12-15
328,Academic Max 894,21,89,15690.65,12197.14,377,2024-04-19
329,Home Prime 747,18,27,10046.75,6479.69,401,2022-02-28
330,Laptops Prime 459,8,91,12351.31,8030.98,86,2022-10-25
331,Furniture Ultra 686,16,13,6973.28,4083.41,460,2024-10-23
332,Smart Air 160,11,17,25511.86,14888.04,64,2024-12-07
333,Footwear Lite 828,14,51,6422.47,4899.24,431,2024-10-16
334,Skincare Lite 691,22,10,14837.25,9522.79,192,2023-07-15
335,Outdoor Max 512,27,59,10357.5,7782.64,479,2023-01-26
336,Skincare Classic 695,22,94,226.24,136.85,375,2021-07-10
337,Academic Classic 970,21,28,1562.71,1043.63,111,2023-05-30
338,Skincare Ultra 430,22,73,17040.27,12442.32,295,2021-09-25
339,Skincare Classic 798,22,59,13518.37,11457.58,320,2025-05-25
340,Mobiles Max 978,7,26,3550.22,2453.95,490,2023-05-27
341,Smart Ultra 262,11,47,22578.93,13128.91,47,2024-09-02
342,Watches Max 480,15,81,15719.78,10001.18,26,2023-03-23
343,Furniture Plus 539,16,62,15859.82,9866.73,0,2022-03-14
344,Headphones Lite 707,9,90,5524.58,3470.24,4,2021-01-17
345,Kitchen Max 980,17,50,7900.55,6392.48,36,2022-04-14
346,Headphones Max 205,9,100,8215.18,4768.94,70,2023-02-23
347,Smart Lite 170,11,57,9249.35,8004.57,332,2021-12-03
348,Home Plus 743,18,57,19662.84,11249.21,315,2024-11-07
349,Women's Max 202,13,45,2689.14,2186.2,373,2023-02-26
350,Non-Fiction Classic 910,20,71,2904.08,2183.47,43,2022-05-24
351,Sportswear Prime 838,26,85,15160.62,9153.14,353,2021-02-24
352,Furniture Plus 630,16,83,11635.83,9143.21,200,2022-08-29
353,Laptops Plus 606,8,10,7643.82,5849.7,326,2024-05-01
354,Haircare Pro 469,23,54,17320.16,14015.47,440,2024-03-10
355,Home X 799,18,3,3894.18,2674.28,394,2021-05-30
356,Gym Max 114,25,65,4711.26,4006.56,30,2023-03-27
357,Furniture X 885,16,69,10102.76,6289.94,42,2024-08-04
358,Makeup Prime 256,24,20,5722.36,4234.27,261,2022-02-21
359,Makeup Classic 500,24,83,14548.05,8837.91,332,2024-10-26
360,Headphones Ultra 815,9,32,11713.02,6618.54,122,2021-04-29
361,Headphones Air 218,9,95,10596.43,6855.24,158,2024-09-26
362,Men's Max 112,12,45,17099.97,10647.72,83,2023-10-14
363,Haircare X 901,23,96,16290.66,12355.35,190,2021-09-17
364,Watches Max 889,15,68,18476.31,13508.47,219,2022-07-12
365,Headphones Ultra 829,9,66,22789.3,14628.25,254,2023-07-22
366,Home Pro 611,18,99,16239.91,12904.46,80,2022-06-07
367,Cameras Prime 790,10,6,14113.51,10869.4,260,2021-01-06
368,Mobiles Plus 147,7,5,9973.43,7129.29,76,2022-01-02
369,Makeup Air 329,24,35,6953.46,4894.85,368,2022-10-18
370,Headphones Prime 481,9,29,2983.33,1879.07,26,2022-01-03
371,Haircare Pro 510,23,40,1636.75,1127.0,144,2025-05-04
372,Kitchen Max 666,17,39,9597.28,6905.52,149,2024-02-29
373,Sportswear Plus 575,26,26,9954.9,5587.28,395,2025-05-09
374,Makeup Plus 254,24,45,276.26,195.03,119,2024-01-15
375,Outdoor Pro 443,27,94,192.08,121.78,434,2025-02-20
376,Furniture Max 310,16,19,10430.96,7994.24,251,2021-05-03
377,Watches Max 144,15,90,23965.45,13826.99,266,2023-04-26
378,Home Neo 865,18,51,1654.61,1365.05,68,2024-07-29
379,Headphones Prime 681,9,38,1624.86,1028.01,66,2022-04-30
380,Watches Classic 920,15,58,10068.31,5954.99,167,2022-10-14
381,Watches Plus 176,15,14,17535.49,14158.96,394,2024-04-12
382,Smart Max 268,11,46,9206.05,6798.54,61,2024-01-03
383,Women's Neo 415,13,88,11935.37,7003.86,46,2021-11-19
384,Furniture Prime 141,16,92,5638.85,3303.81,75,2021-07-06
385,Footwear Classic 505,14,4,12324.69,7750.55,133,2021-12-23
386,Fiction Neo 669,19,18,14759.78,11246.37,236,2021-07-28
387,Cameras Pro 163,10,52,22309.26,12472.55,66,2022-02-10
388,Home Max 696,18,9,15425.62,8833.17,38,2021-02-14
389,Women's Neo 928,13,16,3509.61,2018.99,424,2022-11-11
390,Laptops Neo 151,8,51,3964.49,2603.04,420,2025-01-23
391,Skincare Pro 491,22,36,12976.53,10279.87,109,2022-01-19
392,Watches Neo 252,15,38,956.75,616.28,125,2024-08-18
393,Skincare Air 663,22,54,8735.87,7237.56,196,2021-10-09
394,Women's X 355,13,49,15875.45,9498.24,406,2021-02-09
395,Home Neo 657,18,42,16130.97,11743.38,289,2023-10-26
396,Fiction Ultra 284,19,36,751.13,488.34,15,2025-05-14
397,Laptops Neo 642,8,13,8299.19,5425.75,119,2021-11-23
398,Footwear Plus 372,14,98,13400.93,8051.97,377,2021-04-25
399,Footwear Prime 966,14,23,20674.86,14741.7,478,2021-12-22
400,Footwear Prime 425,14,4,19421.92,12112.53,467,2024-04-26
401,Home Prime 677,18,70,3916.76,2217.32,428,2023-10-06
402,Furniture Lite 602,16,3,789.81,665.66,308,2022-03-25
403,Haircare Neo 100,23,44,7812.31,5042.84,412,2021-09-25
404,Men's Classic 160,12,100,653.1,426.5,469,2021-10-18
405,Cameras X 981,10,51,6628.43,5536.86,360,2024-09-18
406,Gym Max 444,25,56,5693.41,4596.3,80,2025-02-08
407,Outdoor Neo 764,27,79,7770.71,4827.52,287,2024-11-21
408,Home Plus 781,18,89,11218.26,8875.36,157,2025-02-12
409,Furniture Lite 281,16,51,19362.42,10959.58,485,2024-03-19
410,Gym Pro 286,25,29,15870.26,9075.59,495,2024-06-06
411,Outdoor Prime 206,27,31,17450.18,14056.65,381,2021-06-09
412,Home Classic 271,18,86,17012.64,9579.18,420,2024-12-22
413,Outdoor Classic 557,27,45,347.03,269.79,354,2021-05-19
414,Watches Max 837,15,22,166.83,119.09,375,2023-05-10
415,Non-Fiction Neo 487,20,74,7434.55,5333.34,424,2023-09-09
416,Outdoor Plus 266,27,3,11392.81,6824.18,17,2022-08-27
417,Kitchen Ultra 207,17,94,1519.73,1205.59,192,2021-11-26
418,Headphones X 195,9,91,9194.68,5135.46,457,2023-09-16
419,Mobiles Air 769,7,13,4421.89,2558.46,80,2021-04-20
420,Kitchen Plus 294,17,70,9360.46,6198.27,473,2025-02-03
421,Watches Ultra 404,15,63,4302.81,3639.47,292,2024-01-31
422,Smart Pro 469,11,81,189.31,156.85,421,2024-09-17
423,Sportswear Neo 304,26,11,1984.71,1545.1,326,2022-08-21
424,Skincare Max 415,22,34,17174.37,11794.66,458,2024-09-15
425,Headphones X 496,9,58,4926.04,2854.73,189,2022-01-18
426,Laptops Ultra 550,8,8,9117.48,7029.36,137,2024-03-01
427,Smart Max 187,11,76,16845.82,10055.3,211,2025-03-30
428,Footwear X 162,14,88,21239.63,12627.88,214,2024-01-02
429,Skincare Prime 341,22,5,8645.08,7196.31,462,2025-01-02
430,Haircare Prime 629,23,16,19127.25,12026.71,317,2021-10-29
431,Academic Lite 271,21,55,24437.6,14585.26,64,2021-03-29
432,Headphones Air 306,9,34,23302.07,14959.31,427,2024-05-03
433,Kitchen Max 189,17,67,8284.46,5882.68,166,2022-07-20
434,Academic Pro 905,21,15,16140.57,10536.14,400,2023-05-10
435,Non-Fiction Lite 251,20,14,13058.88,8542.25,493,2021-07-25
436,Gym Max 904,25,34,6536.15,4362.78,176,2023-04-22
437,Fiction Neo 685,19,19,10772.97,9173.54,141,2023-04-06
438,Sportswear Prime 797,26,89,12263.95,10435.55,455,2022-11-10
439,Footwear Pro 863,14,44,9511.48,7180.75,190,2021-02-11
440,Furniture Ultra 387,16,30,21618.7,12658.41,350,2021-07-21
441,Smart Ultra 861,11,54,11305.42,6702.35,137,2025-02-01
442,Sportswear Max 292,26,63,11650.88,6681.58,208,2025-02-26
443,Haircare Classic 940,23,91,1560.39,937.47,33,2022-09-30
444,Haircare Air 238,23,23,17486.46,11729.69,291,2021-03-01
445,Women's Plus 957,13,91,1123.05,958.65,25,2023-01-09
446,Women's Ultra 477,13,88,18287.32,12370.24,325,2021-09-11
447,Mobiles Plus 481,7,76,10631.16,7382.92,491,2023-08-30
448,Makeup Classic 452,24,12,4391.49,2536.35,383,2024-11-11
449,Furniture Pro 495,16,29,1431.85,839.8,399,2022-03-15
450,Outdoor Plus 793,27,100,5004.29,3180.29,262,2021-02-11
451,Mobiles Neo 235,7,33,15015.83,9745.84,4,2022-04-04
452,Sportswear Ultra 829,26,45,22746.4,14508.66,216,2023-02-11
453,Academic Ultra 323,21,51,11216.79,7053.8,422,2024-07-01
454,Gym Max 107,25,72,12204.15,7721.55,431,2023-02-06
455,Outdoor Prime 723,27,44,6876.9,4311.89,246,2021-05-11
456,Watches Classic 982,15,39,6661.55,4225.59,487,2024-08-27
457,Women's Lite 629,13,52,19959.82,11505.57,412,2024-05-13
458,Kitchen Lite 838,17,54,706.12,479.28,151,2022-06-16
459,Fiction Air 854,19,44,1008.42,626.25,292,2022-01-24
460,Footwear X 753,14,65,20514.31,11794.97,343,2023-01-05
461,Furniture Lite 960,16,61,14975.0,9898.46,150,2021-07-19
462,Smart Ultra 842,11,43,19988.3,12144.32,93,2024-10-24
463,Outdoor Max 327,27,43,8811.92,5393.72,157,2023-05-12
464,Home Ultra 699,18,82,7633.05,4481.36,240,2021-04-20
465,Gym Prime 735,25,88,2006.55,1161.11,256,2021-09-03
466,Fiction X 405,19,26,10734.42,6255.3,77,2021-10-09
467,Kitchen Air 683,17,92,24009.79,13403.39,73,2022-10-10
468,Men's Max 599,12,8,9057.22,5056.18,160,2024-07-23
469,Mobiles Neo 380,7,21,5321.69,3219.8,295,2025-04-15
470,Skincare Max 232,22,62,14455.32,9255.75,206,2023-05-29
471,Fiction Pro 138,19,42,13086.13,8053.36,486,2021-01-29
472,Haircare Plus 118,23,89,15859.32,10183.55,127,2022-04-09
473,Home Ultra 232,18,9,2408.3,1630.35,156,2021-12-09
474,Laptops Ultra 397,8,56,10258.52,6893.3,268,2022-11-23
475,Smart Classic 601,11,3,6938.61,5452.84,485,2023-04-07
476,Footwear Plus 844,14,65,19019.08,14774.7,11,2024-04-22
477,Men's Max 475,12,33,17806.82,10695.54,192,2024-08-04
478,Makeup Prime 149,24,3,10570.88,8949.47,55,2024-08-31
479,Laptops Max 526,8,90,8268.21,6720.28,129,2023-08-30
480,Smart Plus 811,11,13,11927.56,10317.53,215,2024-09-17
481,Haircare Ultra 737,23,66,11306.0,9123.95,425,2021-08-03
482,Sportswear Max 389,26,26,2192.85,1798.79,101,2024-06-01
483,Watches X 306,15,71,7695.04,5433.04,82,2021-03-22
484,Skincare Plus 804,22,86,19113.34,14003.55,1,2021-01-27
485,Headphones Max 955,9,100,12732.78,8654.88,486,2021-07-04
486,Haircare Max 840,23,59,18912.84,10881.29,329,2022-04-19
487,Furniture Ultra 575,16,38,1420.39,846.19,447,2021-03-22
488,Home Classic 536,18,2,13455.56,11104.25,388,2021-04-04
489,Smart Lite 436,11,94,7785.34,5427.16,318,2022-07-04
490,Headphones Classic 934,9,35,6372.79,5206.57,204,2023-07-24
491,Fiction Neo 919,19,17,11018.52,6383.92,85,2021-08-20
492,Laptops Lite 206,8,87,9662.3,6298.81,410,2024-03-11
493,Academic Lite 725,21,94,7964.23,5758.29,14,2024-11-02
494,Smart Neo 599,11,34,2526.78,1782.77,23,2021-05-10
495,Outdoor Classic 112,27,74,16857.86,10598.07,392,2025-03-03
496,Gym Plus 785,25,80,19499.77,13109.84,352,2024-12-05
497,Cameras Air 777,10,83,15989.14,10927.11,339,2024-10-17
498,Fiction Lite 959,19,2,21474.1,12413.92,313,2021-04-22
499,Outdoor Lite 617,27,10,21718.63,12747.8,445,2021-12-05
500,Skincare Classic 346,22,71,6694.37,5030.33,259,2022-04-02
501,Outdoor Air 512,27,58,14745.03,12274.84,227,2024-03-19
502,Headphones Neo 557,9,3,8596.35,4809.32,381,2024-08-31
503,Cameras Air 522,10,78,955.23,633.9,422,2021-07-06
504,Sportswear Ultra 620,26,47,13358.18,8478.76,233,2022-11-30
505,Laptops Plus 964,8,61,10404.05,6871.45,317,2024-05-13
506,Home Neo 216,18,46,2449.21,1551.81,1,2022-12-01
507,Outdoor Ultra 660,27,64,12654.25,7877.58,23,2021-12-03
508,Smart Air 209,11,28,4967.5,3888.91,61,2023-03-16
509,Academic Plus 833,21,87,8432.77,5135.21,23,2024-07-20
510,Gym Max 890,25,18,19375.24,13387.14,301,2023-10-30
511,Skincare Pro 643,22,62,16710.62,11069.59,221,2024-04-13
512,Haircare Lite 808,23,50,14169.19,8720.46,65,2021-08-01
513,Sportswear Prime 429,26,98,10655.97,7611.24,311,2024-11-19
514,Footwear Ultra 507,14,18,25746.27,14457.54,231,2021-10-01
515,Non-Fiction Prime 816,20,71,19735.52,13307.91,431,2024-12-07
516,Kitchen X 747,17,88,4294.23,3338.4,365,2022-08-19
517,Home Lite 827,18,89,17350.23,9786.29,257,2024-01-17
518,Outdoor Classic 827,27,74,2509.06,1819.54,245,2024-04-08
519,Non-Fiction X 392,20,14,18767.62,13174.41,6,2023-12-07
520,Mobiles Air 248,7,21,1057.04,890.67,136,2025-03-17
521,Furniture Ultra 249,16,97,20156.83,12606.79,151,2022-02-22
522,Makeup Pro 467,24,95,14877.94,12228.99,444,2024-10-15
523,Makeup Plus 860,24,90,13665.96,9742.08,261,2025-05-26
524,Furniture Pro 490,16,41,10408.88,5874.56,499,2024-11-04
525,Makeup Pro 113,24,57,14333.71,11180.68,444,2025-05-19
526,Footwear Classic 873,14,93,14453.05,8866.94,100,2025-05-09
527,Women's Ultra 559,13,95,4372.63,2743.65,95,2021-12-22
528,Haircare Max 486,23,21,939.25,705.45,135,2021-09-24
529,Gym Ultra 105,25,20,8097.4,5025.39,79,2021-03-23
530,Kitchen Prime 152,17,39,18098.15,11627.55,431,2024-09-17
531,Skincare Prime 663,22,29,9020.83,5435.48,162,2023-12-13
532,Men's X 169,12,52,14811.49,11815.25,278,2024-01-05
533,Headphones Classic 326,9,38,20970.41,13262.61,169,2023-01-09
534,Women's Prime 643,13,2,10869.74,7175.37,385,2024-08-22
535,Cameras Classic 556,10,32,5770.15,3681.18,470,2024-06-26
536,Laptops Classic 490,8,70,24253.72,13747.39,197,2022-06-10
537,Furniture Pro 629,16,58,17211.68,12349.43,411,2023-11-08
538,Skincare Pro 403,22,13,17194.4,13484.4,263,2021-06-18
539,Men's X 646,12,100,249.52,209.23,343,2024-07-13
540,Women's Air 955,13,100,2472.01,1648.51,359,2025-02-27
541,Non-Fiction Max 864,20,5,12029.72,10322.05,367,2022-11-11
542,Headphones Max 155,9,30,3615.52,2752.08,36,2024-03-23
543,Watches Air 497,15,50,9638.42,6821.77,161,2021-02-04
544,Cameras X 106,10,75,14987.27,9657.2,387,2025-03-08
545,Laptops Max 466,8,39,16977.96,13927.91,402,2024-11-05
546,Sportswear Max 388,26,4,16500.34,11502.59,202,2024-09-15
547,Skincare Lite 646,22,38,5521.08,3376.0,407,2024-01-23
548,Outdoor Lite 405,27,83,17776.31,10191.61,407,2025-02-02
549,Home Pro 666,18,74,16311.06,13134.03,21,2021-01-11
550,Sportswear Air 650,26,95,9953.79,8258.13,107,2025-03-13
551,Home Plus 522,18,24,23156.44,13593.86,72,2021-11-26
552,Footwear Prime 954,14,7,4733.75,3865.85,343,2024-03-07
553,Makeup Neo 760,24,13,11099.68,8290.0,34,2022-05-29
554,Women's Prime 598,13,31,19734.11,14277.94,343,2024-09-04
555,Cameras Ultra 734,10,43,1454.57,1140.15,248,2023-07-12
556,Sportswear Ultra 810,26,55,13361.23,8804.13,186,2022-10-10
557,Men's Pro 420,12,56,4875.77,3768.01,378,2024-08-05
558,Watches Classic 237,15,58,13963.41,10225.74,245,2023-08-06
559,Home Ultra 598,18,36,10518.45,8319.91,310,2021-06-17
560,Smart X 301,11,10,6942.79,4022.2,39,2025-01-29
561,Mobiles X 746,7,76,863.13,564.79,207,2025-04-25
562,Women's Pro 664,13,84,6895.25,3983.18,276,2023-08-25
563,Smart Classic 501,11,18,5661.49,3427.27,375,2022-08-19
564,Academic X 622,21,31,2009.4,1449.25,5,2024-09-19
565,Sportswear Lite 875,26,73,11175.66,7760.64,91,2024-03-05
566,Smart Neo 467,11,34,1155.19,702.26,118,2021-05-09
567,Home Plus 143,18,50,14958.32,10061.93,405,2023-01-10
568,Skincare Neo 147,22,67,1091.56,694.58,52,2024-12-12
569,Outdoor Ultra 954,27,49,17022.92,11154.45,291,2021-12-23
570,Outdoor Air 474,27,33,15355.66,8856.41,39,2023-11-25
571,Fiction Plus 628,19,62,10334.44,6147.05,176,2023-09-25
572,Sportswear Pro 613,26,66,19015.09,13242.31,117,2021-06-07
573,Outdoor Ultra 316,27,16,2928.56,2338.58,308,2025-01-09
574,Footwear Air 930,14,62,6143.25,5020.35,345,2023-09-08
575,Women's Prime 265,13,17,13808.3,9744.16,124,2021-03-30
576,Gym Prime 264,25,19,3125.72,2107.39,456,2024-03-18
577,Laptops Lite 364,8,73,20570.33,13844.46,207,2024-05-12
578,Outdoor Pro 999,27,28,17099.03,10821.25,145,2021-06-25
579,Academic Prime 582,21,77,16420.05,13022.81,425,2023-04-22
580,Smart Prime 940,11,22,17938.87,11535.6,261,2022-06-26
581,Kitchen Neo 710,17,14,11564.32,8899.88,197,2021-09-28
582,Mobiles Plus 635,7,78,19075.76,12907.92,214,2021-11-03
583,Cameras Lite 587,10,69,20840.66,13533.96,449,2025-05-25
584,Haircare Max 195,23,1,8995.37,7285.39,308,2024-01-10
585,Outdoor Air 634,27,55,10944.6,6368.19,357,2023-12-22
586,Footwear Neo 908,14,98,15918.44,11553.21,411,2025-02-27
587,Gym Max 535,25,37,3058.79,2094.86,119,2021-06-21
588,Sportswear X 518,26,74,4546.5,3941.29,380,2021-01-15
589,Haircare Max 632,23,53,326.42,207.19,352,2022-10-09
590,Home Max 258,18,55,9869.32,6448.47,133,2024-01-03
591,Gym Classic 726,25,53,6697.37,4205.85,386,2022-02-22
592,Makeup X 594,24,40,4181.43,2762.92,247,2022-06-04
593,Gym Classic 892,25,16,17278.87,10611.87,437,2024-09-12
594,Footwear Neo 901,14,52,13204.03,10519.74,109,2023-11-08
595,Kitchen X 728,17,82,16876.57,10486.16,82,2023-03-08
596,Mobiles Max 943,7,9,3968.53,2265.39,222,2021-06-30
597,Watches Plus 479,15,79,1518.2,1292.59,196,2023-04-01
598,Outdoor X 393,27,23,16464.93,10702.93,484,2025-05-04
599,Outdoor Neo 549,27,37,442.03,259.58,476,2023-11-28
600,Women's Pro 902,13,22,13416.18,9032.77,118,2024-06-13
601,Laptops Classic 344,8,100,17591.52,9859.78,44,2022-07-20
602,Fiction Classic 785,19,95,9166.77,5987.63,265,2021-02-01
603,Headphones Max 662,9,45,7330.01,4338.96,468,2024-04-08
604,Home Ultra 331,18,74,11660.05,9134.81,476,2023-04-08
605,Mobiles Ultra 279,7,38,7517.98,6166.31,37,2023-10-28
606,Kitchen Max 922,17,33,10207.96,7747.97,275,2024-03-23
607,Academic Air 676,21,59,9557.3,7306.09,173,2025-05-08
608,Academic Prime 982,21,82,622.02,507.53,34,2023-02-23
609,Footwear Plus 919,14,2,8508.77,4804.39,264,2024-01-03
610,Watches Plus 394,15,10,2359.37,1485.84,420,2022-12-02
611,Makeup Lite 587,24,24,6171.82,4776.7,293,2022-07-06
612,Women's Neo 854,13,27,5006.24,3075.03,446,2022-06-28
613,Footwear Plus 954,14,14,5929.69,3820.46,79,2025-05-15
614,Cameras Max 792,10,70,21084.78,14341.12,3,2025-04-15
615,Laptops Neo 480,8,36,13741.69,9347.95,451,2024-03-22
616,Skincare Lite 882,22,74,18315.38,13748.5,113,2025-03-17
617,Smart Pro 638,11,65,17544.22,12009.12,276,2021-03-08
618,Home Air 981,18,90,13048.71,10326.45,499,2021-09-04
619,Haircare Neo 423,23,75,12004.29,10369.24,107,2023-02-17
620,Cameras Classic 470,10,31,12173.09,9230.39,280,2022-06-23
621,Watches Neo 727,15,54,6617.04,5212.14,217,2022-03-08
622,Home Classic 974,18,74,8757.16,6068.83,292,2021-09-26
623,Footwear Max 838,14,26,5372.41,4122.24,221,2023-02-20
624,Smart Lite 584,11,81,15309.66,12104.46,255,2021-10-03
625,Haircare X 837,23,73,7044.62,4804.34,128,2024-02-26
626,Laptops Air 201,8,61,12352.87,10389.09,416,2022-06-05
627,Outdoor Max 560,27,72,14763.79,11194.44,184,2024-02-22
628,Watches Classic 120,15,26,8593.46,6235.24,347,2024-05-25
629,Gym Prime 765,25,46,12346.5,9772.05,399,2022-08-06
630,Kitchen X 599,17,79,16772.79,11643.69,40,2023-02-20
631,Furniture Neo 746,16,54,24606.76,14353.26,327,2022-11-22
632,Outdoor Prime 685,27,44,10665.66,6131.11,40,2021-11-28
633,Footwear Classic 424,14,51,15843.65,9829.9,309,2024-08-13
634,Watches Neo 899,15,58,17957.51,12955.82,300,2023-12-03
635,Non-Fiction Lite 288,20,33,15794.51,12827.76,120,2024-09-17
636,Headphones Plus 270,9,71,7292.03,6015.98,479,2023-08-28
637,Laptops Pro 889,8,34,9909.0,6015.49,42,2021-08-01
638,Sportswear Lite 186,26,32,17008.83,9857.01,158,2022-04-15
639,Furniture Neo 741,16,5,2960.19,1983.53,87,2021-02-28
640,Home Classic 984,18,71,12833.48,7194.71,276,2022-07-12
641,Academic Lite 814,21,96,12480.0,8135.38,233,2024-07-16
642,Outdoor Prime 545,27,62,12368.27,7899.55,158,2022-12-13
643,Makeup Plus 924,24,20,1936.54,1434.35,211,2022-06-17
644,Furniture Pro 100,16,37,12974.58,7897.41,69,2022-12-06
645,Skincare X 108,22,39,15208.69,10347.77,386,2023-09-05
646,Mobiles Air 917,7,48,5805.21,4464.55,3,2024-01-28
647,Women's Air 674,13,83,8678.96,6612.88,366,2025-02-18
648,Fiction Air 325,19,98,5724.05,4018.41,122,2023-11-25
649,Sportswear Ultra 391,26,25,14601.66,9762.01,137,2023-04-26
650,Headphones Lite 239,9,35,6904.93,4414.97,316,2023-07-17
651,Sportswear Neo 292,26,3,6091.61,4877.59,496,2024-01-01
652,Men's Max 388,12,30,6638.78,4111.01,372,2021-01-17
653,Headphones Lite 115,9,64,10229.17,7454.34,159,2025-05-29
654,Home Neo 813,18,19,16228.87,11892.23,431,2025-03-18
655,Laptops Ultra 894,8,33,8938.91,5947.08,92,2022-01-29
656,Fiction Pro 224,19,57,23607.08,14621.52,197,2025-04-29
657,Footwear Pro 303,14,27,11502.62,6966.44,266,2024-09-25
658,Skincare Air 797,22,94,25361.82,14422.09,81,2024-07-12
659,Laptops X 633,8,47,2808.44,1919.91,152,2022-02-11
660,Laptops Plus 215,8,36,5178.7,3615.89,7,2021-12-09
661,Gym Max 505,25,89,13705.81,11858.24,21,2024-04-05
662,Skincare Prime 258,22,12,6806.59,5633.84,80,2023-10-21
663,Sportswear Classic 877,26,90,11192.43,9414.47,330,2021-11-12
664,Makeup Max 228,24,97,9991.3,7368.86,285,2024-08-13
665,Home Neo 850,18,18,4754.37,2975.18,183,2025-01-23
666,Watches Pro 596,15,63,16085.16,10628.73,277,2024-11-28
667,Women's Prime 291,13,77,11155.15,8199.95,239,2022-07-18
668,Makeup Lite 170,24,70,11556.92,8013.95,419,2022-06-24
669,Home Neo 100,18,3,17245.4,11661.18,375,2022-01-15
670,Sportswear Classic 894,26,69,12689.21,9340.94,32,2024-09-10
671,Fiction Plus 636,19,37,16938.7,10280.04,78,2024-06-09
672,Kitchen Air 756,17,6,5939.35,4898.16,337,2021-05-17
673,Smart Lite 994,11,5,690.26,565.98,98,2021-07-22
674,Gym Air 773,25,7,11510.75,7399.65,302,2022-06-09
675,Home Plus 720,18,84,12507.1,10795.89,471,2022-03-04
676,Skincare Max 579,22,54,14315.33,12035.2,285,2025-03-03
677,Home Pro 943,18,39,13881.44,9292.31,375,2021-05-25
678,Headphones Plus 631,9,25,2508.38,1547.08,272,2023-03-01
679,Women's X 772,13,96,5924.78,3806.57,91,2024-02-18
680,Makeup Air 864,24,59,2617.11,1672.16,183,2024-10-13
681,Non-Fiction Max 270,20,85,17950.56,11907.68,258,2022-11-23
682,Men's X 714,12,42,9240.58,6700.88,161,2024-02-01
683,Home Air 882,18,31,16086.04,9535.29,165,2024-05-31
684,Gym X 319,25,47,8576.21,5688.44,381,2022-06-05
685,Academic Neo 506,21,3,120.67,102.91,145,2024-05-05
686,Haircare Lite 409,23,3,354.18,197.88,109,2022-10-07
687,Watches X 623,15,5,14696.63,8389.21,79,2021-07-13
688,Academic Classic 259,21,30,3002.55,2162.28,298,2022-05-27
689,Watches Ultra 194,15,10,13071.47,8600.26,111,2025-02-12
690,Kitchen Neo 277,17,13,12791.5,7375.32,359,2024-03-26
691,Sportswear Ultra 138,26,8,16753.29,10988.76,40,2025-05-17
692,Kitchen Classic 936,17,30,11530.12,6571.14,61,2025-04-27
693,Outdoor Prime 111,27,68,14898.91,9544.92,27,2022-09-17
694,Laptops Classic 652,8,20,11604.18,8517.2,357,2022-03-29
695,Laptops Air 556,8,56,17246.64,11317.32,46,2022-03-31
696,Furniture Air 251,16,7,2491.11,2069.62,292,2025-03-07
697,Makeup Air 368,24,17,2018.95,1367.68,396,2024-11-30
698,Smart Neo 672,11,72,4293.78,3051.82,292,2022-02-06
699,Sportswear X 352,26,88,4909.23,3710.49,220,2022-10-25
700,Gym Max 215,25,42,14408.43,10109.04,178,2022-01-26
701,Home Prime 771,18,57,621.06,460.68,179,2024-06-16
702,Sportswear Lite 551,26,48,1292.78,768.68,102,2024-11-04
703,Smart Max 215,11,37,14544.45,11119.77,317,2021-10-30
704,Mobiles Classic 810,7,43,16292.88,12083.78,241,2021-02-16
705,Women's X 316,13,62,4673.98,3136.64,132,2024-01-29
706,Sportswear Lite 811,26,68,12213.81,10511.45,298,2024-09-20
707,Laptops Ultra 274,8,35,1274.87,995.64,356,2024-06-19
708,Laptops Neo 770,8,85,16924.57,14183.13,338,2022-07-10
709,Home Max 119,18,49,7686.85,4458.18,197,2022-04-19
710,Haircare Max 423,23,26,11261.29,7321.47,45,2022-01-17
711,Haircare Neo 674,23,40,16182.19,13902.61,126,2023-12-21
712,Kitchen Neo 502,17,46,13003.78,11191.42,350,2022-12-22
713,Outdoor Ultra 341,27,81,26684.64,14940.32,141,2021-05-07
714,Watches Air 934,15,29,26202.05,14856.39,485,2022-07-28
715,Smart Classic 502,11,87,11935.81,9888.28,195,2023-12-03
716,Sportswear Plus 527,26,78,4599.1,3681.38,496,2022-10-02
717,Kitchen Neo 655,17,88,3248.01,2063.4,297,2024-01-14
718,Women's Lite 416,13,56,17963.95,10359.13,465,2021-10-04
719,Smart Prime 261,11,16,7305.31,4830.69,485,2025-01-13
720,Men's Classic 959,12,53,21429.07,13206.61,391,2022-10-15
721,Non-Fiction Ultra 553,20,36,18878.1,11209.58,326,2025-02-21
722,Smart Plus 209,11,35,2404.11,2060.03,313,2024-06-17
723,Sportswear Prime 727,26,46,4606.01,3540.58,351,2021-02-23
724,Headphones Neo 237,9,48,11703.57,7584.64,364,2024-08-23
725,Men's Air 603,12,53,8996.66,7160.32,115,2021-03-08
726,Mobiles Ultra 522,7,27,5419.14,3416.06,103,2025-04-01
727,Headphones Lite 549,9,32,19119.71,13020.22,166,2023-07-27
728,Non-Fiction Air 894,20,41,1177.36,723.21,194,2025-01-14
729,Fiction Prime 860,19,5,12919.83,8621.82,328,2024-12-13
730,Haircare Max 562,23,67,11885.24,6907.82,449,2022-05-19
731,Makeup Air 852,24,7,960.03,684.85,391,2024-07-15
732,Women's Ultra 550,13,60,8129.26,6030.79,423,2022-08-09
733,Men's Air 401,12,60,10948.51,9235.7,264,2021-10-19
734,Outdoor Neo 192,27,90,13296.98,10867.44,398,2024-04-13
735,Makeup Lite 502,24,76,9036.58,6262.03,91,2023-07-19
736,Women's Neo 192,13,21,6120.5,3826.23,464,2024-12-28
737,Cameras Max 216,10,91,16594.34,10622.78,43,2023-12-09
738,Fiction X 726,19,99,19896.87,14251.33,194,2021-03-31
739,Men's Classic 679,12,23,22380.63,13082.45,83,2021-10-24
740,Laptops Air 415,8,81,7772.66,4711.82,228,2022-08-15
741,Men's Max 234,12,2,16605.12,14410.46,391,2022-06-03
742,Academic Neo 975,21,31,12611.2,7529.77,311,2023-10-08
743,Women's Prime 775,13,77,10182.67,7188.11,40,2024-05-16
744,Mobiles Plus 660,7,7,6614.57,4243.88,419,2022-03-02
745,Men's Lite 156,12,86,11543.63,9833.83,437,2021-03-08
746,Gym Prime 405,25,23,6075.54,5033.56,55,2023-05-04
747,Men's Ultra 725,12,72,15965.2,9947.78,293,2025-06-01
748,Men's Neo 867,12,39,15319.21,8726.6,47,2025-04-23
749,Kitchen Classic 488,17,9,20244.79,12321.94,431,2024-02-02
750,Furniture Neo 237,16,53,3277.38,1918.15,168,2023-12-16
751,Haircare Plus 812,23,81,3818.67,3214.86,292,2025-02-03
752,Haircare Max 595,23,37,16802.42,10888.7,403,2024-12-18
753,Non-Fiction Prime 968,20,17,7182.61,4815.68,319,2022-12-26
754,Sportswear Prime 608,26,79,12241.6,7843.62,252,2022-01-04
755,Footwear Ultra 298,14,95,144.02,123.56,320,2021-08-30
756,Women's Prime 524,13,28,8569.79,6269.21,286,2024-07-29
757,Mobiles Plus 806,7,65,7147.34,4296.24,157,2022-09-07
758,Makeup Classic 885,24,93,305.37,191.36,174,2023-03-23
759,Gym Prime 129,25,87,15948.11,12497.44,426,2022-11-24
760,Skincare Neo 916,22,59,779.87,629.82,79,2024-07-08
761,Makeup Classic 573,24,67,16718.68,11781.44,380,2021-04-25
762,Furniture Prime 842,16,74,15418.59,10205.14,9,2022-03-03
763,Kitchen Classic 167,17,49,19381.27,14547.24,15,2022-11-26
764,Outdoor X 962,27,15,3971.86,2572.95,95,2024-05-03
765,Furniture Classic 826,16,48,810.63,571.26,254,2022-05-02
766,Academic Ultra 321,21,5,10014.02,7924.0,191,2025-05-27
767,Women's Max 554,13,20,12752.82,7639.32,463,2023-10-22
768,Women's Classic 595,13,19,16413.87,11013.37,397,2022-11-02
769,Cameras X 792,10,50,19111.37,14891.53,18,2023-07-30
770,Haircare Max 104,23,12,5579.14,4733.62,434,2024-05-02
771,Kitchen Neo 147,17,3,2696.54,1636.23,381,2022-10-02
772,Gym Ultra 754,25,36,18195.11,13392.82,98,2022-08-10
773,Makeup Classic 891,24,36,8183.79,6672.62,76,2021-11-19
774,Cameras Pro 737,10,71,10265.71,8438.42,277,2022-12-19
775,Kitchen Ultra 244,17,22,23675.41,14154.84,293,2022-05-17
776,Headphones Ultra 727,9,4,20110.05,13394.42,25,2021-09-24
777,Skincare Pro 208,22,91,7013.52,5815.63,200,2022-01-02
778,Sportswear Prime 744,26,40,20152.02,12559.0,315,2022-12-30
779,Kitchen Plus 830,17,98,19107.25,11400.2,40,2025-03-28
780,Academic Prime 234,21,13,2481.3,1484.45,357,2023-08-18
781,Academic Ultra 800,21,29,15990.77,9701.84,240,2022-04-20
782,Smart Prime 364,11,43,19248.75,13701.64,358,2024-09-24
783,Kitchen Neo 599,17,60,803.8,550.94,179,2023-09-08
784,Men's Ultra 886,12,52,8066.19,5294.37,260,2021-07-30
785,Cameras Classic 669,10,52,16279.21,9776.83,272,2023-08-03
786,Gym Air 344,25,50,14084.23,9351.04,498,2023-09-15
787,Headphones Classic 313,9,73,18758.34,12227.34,401,2023-06-11
788,Kitchen X 810,17,92,5720.07,3618.7,39,2025-02-23
789,Gym Neo 217,25,57,12946.63,8923.23,284,2021-07-19
790,Men's Ultra 515,12,99,1388.1,1137.15,416,2024-05-06
791,Fiction Classic 606,19,75,11554.95,9710.34,111,2021-10-12
792,Outdoor Pro 875,27,50,2850.88,2286.21,272,2022-08-20
793,Sportswear Prime 557,26,73,4803.54,3015.43,162,2022-09-06
794,Furniture Air 835,16,2,20250.02,14740.45,45,2024-04-08
795,Sportswear X 513,26,71,21693.2,12729.79,31,2023-01-27
796,Laptops Pro 820,8,4,15083.08,8444.45,56,2022-08-01
797,Footwear Air 819,14,52,13841.65,8893.44,364,2023-02-23
798,Fiction Air 658,19,72,4100.19,3247.12,71,2022-01-21
799,Fiction Classic 960,19,17,8448.77,6316.81,446,2024-10-04
800,Smart Pro 173,11,85,12138.75,9761.0,453,2023-09-24
801,Non-Fiction Lite 186,20,90,3589.73,2144.58,440,2023-07-23
802,Sportswear Air 738,26,50,4116.0,2778.98,282,2023-07-11
803,Home Plus 290,18,31,7424.51,6429.1,255,2025-02-05
804,Haircare Ultra 520,23,73,21201.2,13905.81,17,2021-03-19
805,Skincare Classic 215,22,94,15525.28,8746.0,40,2021-10-18
806,Haircare Ultra 576,23,32,11627.22,7802.55,312,2021-07-01
807,Skincare Max 800,22,7,15923.26,9541.95,159,2024-06-09
808,Kitchen X 897,17,74,376.7,260.67,463,2023-08-19
809,Kitchen Air 461,17,5,24052.5,14412.66,148,2021-12-10
810,Sportswear Ultra 844,26,75,15563.4,11796.82,322,2023-08-28
811,Men's Prime 152,12,4,13234.53,9879.17,377,2024-07-02
812,Furniture Neo 184,16,33,2387.49,1989.64,401,2022-07-24
813,Smart Prime 387,11,78,5532.46,4200.74,379,2021-08-17
814,Men's Prime 856,12,34,3387.53,2351.92,413,2021-12-26
815,Footwear Neo 285,14,19,20541.91,12010.64,175,2021-06-22
816,Sportswear Lite 957,26,31,13450.11,7489.63,394,2023-02-24
817,Academic Lite 315,21,34,14780.14,8708.59,27,2024-08-08
818,Cameras Pro 271,10,97,10237.03,7013.82,243,2025-03-09
819,Makeup Plus 488,24,68,14434.49,10284.3,134,2021-10-25
820,Non-Fiction Pro 395,20,68,20062.61,13915.62,347,2022-10-09
821,Laptops Max 644,8,84,17002.37,9597.62,221,2024-06-04
822,Watches Classic 376,15,51,4952.16,4079.61,335,2024-04-11
823,Academic Plus 851,21,87,16691.74,10111.16,266,2022-11-23
824,Men's Classic 660,12,53,297.67,257.61,34,2021-01-25
825,Cameras X 206,10,33,14217.62,10313.94,371,2022-08-04
826,Women's Pro 124,13,28,11073.3,9329.02,304,2024-09-06
827,Sportswear Max 825,26,49,17333.78,14371.15,309,2021-09-24
828,Outdoor Prime 922,27,33,25138.47,14510.77,356,2022-01-13
829,Furniture Neo 776,16,99,21989.77,14049.11,472,2022-07-21
830,Non-Fiction Classic 363,20,49,3011.17,2513.29,397,2021-05-08
831,Fiction Classic 161,19,9,6625.61,3947.76,91,2023-06-22
832,Skincare Plus 724,22,70,9339.3,5950.25,55,2021-10-22
833,Non-Fiction Plus 728,20,14,16884.14,9685.74,366,2022-06-15
834,Laptops Max 172,8,64,11307.94,8613.03,228,2021-02-08
835,Smart Pro 138,11,51,13235.32,10002.63,358,2022-11-07
836,Gym Pro 627,25,52,17573.65,10643.32,244,2023-06-13
837,Headphones X 331,9,62,264.26,149.28,418,2025-05-17
838,Cameras Prime 648,10,52,19410.6,14032.13,349,2022-09-13
839,Laptops Max 474,8,98,14313.81,8065.93,41,2023-07-31
840,Furniture Plus 280,16,39,14874.45,8361.68,338,2022-01-27
841,Fiction Max 745,19,57,15195.61,10363.75,453,2024-07-19
842,Women's Lite 136,13,63,4816.41,2977.08,303,2022-05-04
843,Fiction Max 911,19,3,11008.41,8154.23,273,2023-07-10
844,Laptops Classic 157,8,28,8306.97,5132.01,207,2021-08-31
845,Outdoor X 569,27,95,24202.98,14107.34,274,2021-11-02
846,Gym Plus 173,25,61,806.68,649.48,334,2021-02-09
847,Sportswear Pro 348,26,7,13026.82,10549.32,88,2024-07-19
848,Furniture Max 567,16,15,15587.71,9207.27,32,2021-08-06
849,Skincare Prime 918,22,44,11044.19,9272.87,103,2023-05-23
850,Fiction Classic 223,19,28,22317.22,14640.21,70,2022-10-21
851,Laptops Prime 277,8,54,6264.06,5099.01,72,2025-04-01
852,Men's Classic 666,12,18,3347.58,2558.59,297,2021-03-25
853,Cameras Prime 485,10,1,13558.97,11687.16,249,2021-06-15
854,Mobiles Lite 191,7,89,16327.56,10630.44,145,2023-05-03
855,Skincare Lite 311,22,31,2959.91,2232.01,230,2023-04-24
856,Men's Prime 808,12,12,836.93,660.56,255,2024-06-07
857,Outdoor Ultra 456,27,68,9589.19,6339.91,98,2021-08-29
858,Cameras Prime 470,10,60,23207.14,12954.69,259,2022-03-26
859,Outdoor Plus 383,27,61,1089.58,890.73,76,2024-11-04
860,Skincare Lite 263,22,37,11880.54,10085.13,330,2023-01-16
861,Women's Air 357,13,6,8502.27,5080.99,388,2023-07-18
862,Cameras Pro 650,10,15,4517.96,2720.73,248,2023-11-21
863,Headphones Plus 838,9,96,10272.35,6727.83,214,2022-02-12
864,Kitchen Plus 897,17,53,2259.89,1740.98,121,2025-02-19
865,Women's Air 325,13,19,1829.62,1195.59,27,2023-06-12
866,Women's Prime 565,13,25,3834.44,2753.11,234,2025-01-14
867,Outdoor Classic 376,27,8,3837.28,3112.94,354,2024-03-10
868,Watches Lite 213,15,44,18520.33,12789.61,87,2025-04-07
869,Footwear Ultra 718,14,22,4059.75,2436.14,487,2024-06-06
870,Gym X 975,25,28,4993.59,3522.56,267,2023-09-29
871,Gym Neo 957,25,32,8110.39,6995.17,219,2025-02-16
872,Footwear Classic 544,14,74,15107.17,8734.06,302,2021-11-02
873,Mobiles Air 145,7,5,1014.59,696.87,393,2023-10-30
874,Non-Fiction X 503,20,58,12083.32,7241.11,420,2021-07-20
875,Skincare Plus 185,22,28,9752.68,8421.46,374,2023-04-13
876,Smart Classic 402,11,86,6589.16,3662.03,8,2023-09-10
877,Furniture Lite 820,16,59,10559.02,6943.31,298,2021-02-19
878,Academic Lite 995,21,81,13434.69,10576.71,446,2023-01-29
879,Academic Pro 981,21,68,13227.2,9446.84,353,2022-11-13
880,Laptops Ultra 536,8,74,18151.13,11318.03,313,2024-01-16
881,Women's Max 735,13,87,21532.91,13224.62,28,2023-11-21
882,Home Pro 213,18,47,8433.14,5806.03,20,2023-01-19
883,Men's X 821,12,43,1769.58,1098.39,104,2021-10-11
884,Footwear X 216,14,90,15919.32,9770.67,385,2024-04-03
885,Women's Plus 428,13,36,7089.39,5355.4,348,2023-05-17
886,Laptops Max 481,8,61,7687.78,5243.88,269,2021-09-09
887,Makeup X 399,24,9,9495.11,6834.48,344,2024-11-20
888,Women's Neo 189,13,14,2244.3,1294.54,147,2021-06-07
889,Men's Ultra 214,12,67,15442.59,10486.52,447,2022-02-23
890,Outdoor Pro 400,27,61,10049.64,6306.4,477,2021-09-28
891,Home Air 554,18,3,12910.53,11091.87,96,2021-05-09
892,Footwear X 760,14,42,7790.38,5104.57,335,2024-08-16
893,Skincare Prime 781,22,39,17792.63,10483.27,227,2023-07-27
894,Gym Lite 908,25,48,7760.97,4666.78,116,2023-09-19
895,Furniture Pro 251,16,21,7754.62,5361.5,85,2024-06-20
896,Makeup Ultra 286,24,20,24756.56,14600.77,354,2024-09-26
897,Men's Plus 219,12,34,966.91,713.16,64,2023-06-22
898,Home Lite 310,18,19,9944.45,8481.06,162,2022-12-06
899,Home Neo 652,18,52,21905.82,14634.44,62,2021-02-21
900,Skincare Lite 569,22,70,17425.46,13924.39,496,2025-02-21
