supplier_id,supplier_name,city,country
1,Verma Exports,Nagpur,India
2,Patel Traders,Hyderabad,India
3,Roy Supplies,Pune,India
4,Nair Industries,Lucknow,India
5,Reddy Industries,Nagpur,India
6,Taylor Traders,Surat,India
7,Smith Supplies,Bengaluru,India
8,Patel Exports,Indore,India
9,Iyer Supplies,Bengaluru,India
10,Verma Supplies,Nagpur,India
11,Singh Supplies,Hyderabad,India
12,Kapoor Industries,Pune,India
13,Sharma Industries,Hyderabad,India
14,Smith Exports,Kolkata,India
15,Gupta Exports,Nagpur,India
16,Das Supplies,Pune,India
17,Roy Exports,Chandigarh,India
18,Iyer Exports,Mumbai,India
19,Chatterjee Exports,Bengaluru,India
20,Iyer Distributors,Mumbai,India
21,Johnson Exports,Kolkata,India
22,Malhotra Distributors,Kolkata,India
23,Brown Distributors,Delhi,India
24,Mehta Traders,Hyderabad,India
25,Taylor Traders,Kochi,India
26,Roy Industries,Jaipur,India
27,Taylor Traders,Pune,India
28,Smith Distributors,Chandigarh,India
29,Iyer Exports,Pune,India
30,Kapoor Supplies,Jaipur,India
31,Brown Exports,Pune,India
32,Nair Industries,Jaipur,India
33,Brown Industries,Kolkata,India
34,Chatterjee Exports,Lucknow,India
35,Roy Traders,Kolkata,India
36,Kapoor Industries,Chennai,India
37,Chatterjee Distributors,Kolkata,India
38,Smith Supplies,Chandigarh,India
39,Anderson Industries,Ahmedabad,India
40,Kumar Industries,Jaipur,India
41,Gupta Exports,Chandigarh,India
42,Malhotra Exports,Jaipur,India
43,Patel Exports,Delhi,India
44,Singh Industries,Hyderabad,India
45,Verma Industries,Mumbai,India
46,Malhotra Traders,Ahmedabad,India
47,Taylor Distributors,Ahmedabad,India
48,Brown Supplies,Hyderabad,India
49,Patel Industries,Kolkata,India
50,Sharma Traders,Chandigarh,India
51,Taylor Industries,Indore,India
52,Das Supplies,Bengaluru,India
53,Roy Industries,Mumbai,India
54,Iyer Supplies,Surat,India
55,Anderson Distributors,Bengaluru,India
56,Malhotra Exports,Jaipur,India
57,Anderson Distributors,Indore,India
58,Das Supplies,Nagpur,India
59,Roy Supplies,Nagpur,India
60,Reddy Supplies,Surat,India
61,Mehta Industries,Ahmedabad,India
62,Mehta Distributors,Nagpur,India
63,Patel Exports,Ahmedabad,India
64,Gupta Exports,Ahmedabad,India
65,Mehta Exports,Hyderabad,India
66,Roy Traders,Pune,India
67,Nair Industries,Bengaluru,India
68,Nair Industries,Kolkata,India
69,Taylor Supplies,Delhi,India
70,Roy Supplies,Pune,India
71,Verma Industries,Kolkata,India
72,Taylor Supplies,Nagpur,India
73,Chatterjee Traders,Surat,India
74,Chatterjee Supplies,Nagpur,India
75,Sharma Exports,Ahmedabad,India
76,Brown Supplies,Chennai,India
77,Roy Distributors,Jaipur,India
78,Patel Supplies,Surat,India
79,Mehta Supplies,Hyderabad,India
80,Sharma Supplies,Ahmedabad,India
81,Brown Industries,Pune,India
82,Anderson Industries,Nagpur,India
83,Roy Traders,Lucknow,India
84,Brown Distributors,Surat,India
85,Sharma Traders,Lucknow,India
86,Taylor Industries,Chandigarh,India
87,Anderson Industries,Nagpur,India
88,Mehta Supplies,Mumbai,India
89,Singh Supplies,Pune,India
90,Smith Supplies,Pune,India
91,Taylor Exports,Chennai,India
92,Gupta Supplies,Nagpur,India
93,Roy Traders,Mumbai,India
94,Patel Traders,Pune,India
95,Verma Traders,Indore,India
96,Singh Traders,Hyderabad,India
97,Nair Industries,Lucknow,India
98,Kumar Traders,Bengaluru,India
99,Singh Supplies,Lucknow,India
100,Mehta Exports,Kochi,India
